method,fidelity_deletion,fidelity_insertion,num_important_features,rule_accuracy,rule_applicability,rule_length,counterfactual_success,counterfactual_sparsity,stability
SHAP,0.10750180904321105,0.24942874367883366,24.006666666666668,,,,,,
LIME,0.13247670146692275,0.20965173692665603,10.0,,,,,,0.1314991585249074
Anchor,,,,0.918641107370312,0.36001,2.433333333333333,,,
DiCE,,,,,,,1.0,2.166666666666667,
